2016-06-01,264.91,2,Huawei P9 Lite
2016-06-02,265.12,2,Huawei P9 Lite
2016-06-03,260,2,Huawei P9 Lite
2016-06-04,260,2,Huawei P9 Lite
2016-06-05,270.3,2,Huawei P9 Lite
2016-06-06,291.09,2,Huawei P9 Lite
2016-06-07,255,2,Huawei P9 Lite
2016-06-08,254.9,2,Huawei P9 Lite
2016-06-09,228.98,2,Huawei P9 Lite
2016-06-10,228.98,2,Huawei P9 Lite
2016-06-11,228.98,2,Huawei P9 Lite
2016-06-12,228.98,2,Huawei P9 Lite
2016-06-13,228.98,2,Huawei P9 Lite
2016-06-14,218.99,2,Huawei P9 Lite
2016-06-15,218.99,2,Huawei P9 Lite
2016-06-16,218.99,2,Huawei P9 Lite
2016-06-17,218.99,2,Huawei P9 Lite
2016-06-18,218.99,2,Huawei P9 Lite
2016-06-19,218.99,2,Huawei P9 Lite
2016-06-20,214.68,2,Huawei P9 Lite
2016-06-21,214.68,2,Huawei P9 Lite
2016-06-22,214.46,2,Huawei P9 Lite
2016-06-23,214.46,2,Huawei P9 Lite
2016-06-24,203.69,2,Huawei P9 Lite
2016-06-25,203.69,2,Huawei P9 Lite
2016-06-26,202.76,2,Huawei P9 Lite
2016-06-27,202.76,2,Huawei P9 Lite
2016-06-28,202.76,2,Huawei P9 Lite
2016-06-29,202.76,2,Huawei P9 Lite
2016-06-30,202.76,2,Huawei P9 Lite
2016-07-01,202.76,2,Huawei P9 Lite
2016-07-02,202.76,2,Huawei P9 Lite
2016-07-03,202.76,2,Huawei P9 Lite
2016-07-04,202.76,2,Huawei P9 Lite
2016-07-05,202.76,2,Huawei P9 Lite
2016-07-06,202.76,2,Huawei P9 Lite
2016-07-07,202.76,2,Huawei P9 Lite
2016-07-08,202.76,2,Huawei P9 Lite
2016-07-09,202.76,2,Huawei P9 Lite
2016-07-10,202.76,2,Huawei P9 Lite
2016-07-11,202.76,2,Huawei P9 Lite
2016-07-12,212.62,2,Huawei P9 Lite
2016-07-13,212.62,2,Huawei P9 Lite
2016-07-14,212.62,2,Huawei P9 Lite
2016-07-15,218.99,2,Huawei P9 Lite
2016-07-16,218.99,2,Huawei P9 Lite
2016-07-17,218.99,2,Huawei P9 Lite
2016-07-18,218.99,2,Huawei P9 Lite
2016-07-19,218.99,2,Huawei P9 Lite
2016-07-20,218.99,2,Huawei P9 Lite
2016-07-21,218.99,2,Huawei P9 Lite
2016-07-22,218.99,2,Huawei P9 Lite
2016-07-23,218.99,2,Huawei P9 Lite
2016-07-24,218.99,2,Huawei P9 Lite
2016-07-25,218.99,2,Huawei P9 Lite
2016-07-26,218.99,2,Huawei P9 Lite
2016-07-27,218.99,2,Huawei P9 Lite
2016-07-28,218.99,2,Huawei P9 Lite
2016-07-29,218.99,2,Huawei P9 Lite
2016-07-30,218.99,2,Huawei P9 Lite
2016-07-31,218.99,2,Huawei P9 Lite
2016-08-01,218.99,2,Huawei P9 Lite
2016-08-02,218.99,2,Huawei P9 Lite
2016-08-03,218.99,2,Huawei P9 Lite
2016-08-04,218.99,2,Huawei P9 Lite
2016-08-05,218.99,2,Huawei P9 Lite
2016-08-06,218.99,2,Huawei P9 Lite
2016-08-07,218.99,2,Huawei P9 Lite
2016-08-08,218,2,Huawei P9 Lite
2016-08-09,218,2,Huawei P9 Lite
2016-08-10,218.99,2,Huawei P9 Lite
2016-08-11,218.99,2,Huawei P9 Lite
2016-08-12,218.99,2,Huawei P9 Lite
2016-08-13,218,2,Huawei P9 Lite
2016-08-14,218,2,Huawei P9 Lite
2016-08-15,218,2,Huawei P9 Lite
2016-08-16,218,2,Huawei P9 Lite
2016-08-17,218,2,Huawei P9 Lite
2016-08-18,218,2,Huawei P9 Lite
2016-08-19,217,2,Huawei P9 Lite
2016-08-20,217,2,Huawei P9 Lite
2016-08-21,217,2,Huawei P9 Lite
2016-08-22,217,2,Huawei P9 Lite
2016-08-23,217,2,Huawei P9 Lite
2016-08-24,217,2,Huawei P9 Lite
2016-08-25,217,2,Huawei P9 Lite
2016-08-26,218.99,2,Huawei P9 Lite
2016-08-27,218.99,2,Huawei P9 Lite
2016-08-28,218.99,2,Huawei P9 Lite
2016-08-29,218.99,2,Huawei P9 Lite
2016-08-30,218.99,2,Huawei P9 Lite
2016-08-31,218.99,2,Huawei P9 Lite
2016-09-01,218.99,2,Huawei P9 Lite
2016-09-02,218.99,2,Huawei P9 Lite
2016-09-03,218.99,2,Huawei P9 Lite
2016-09-04,218.99,2,Huawei P9 Lite
2016-09-05,218.99,2,Huawei P9 Lite
2016-09-06,218.99,2,Huawei P9 Lite
2016-09-07,218.99,2,Huawei P9 Lite
2016-09-08,218.99,2,Huawei P9 Lite
2016-09-09,218.99,2,Huawei P9 Lite
2016-09-10,218.99,2,Huawei P9 Lite
2016-09-11,218.99,2,Huawei P9 Lite
2016-09-12,218.99,2,Huawei P9 Lite
2016-09-13,218.99,2,Huawei P9 Lite
2016-09-14,218.99,2,Huawei P9 Lite
2016-09-15,218.99,2,Huawei P9 Lite
2016-09-16,218.99,2,Huawei P9 Lite
2016-09-17,218.99,2,Huawei P9 Lite
2016-09-18,218.99,2,Huawei P9 Lite
2016-09-19,218.99,2,Huawei P9 Lite
2016-09-20,218.99,2,Huawei P9 Lite
2016-09-21,218.99,2,Huawei P9 Lite
2016-09-22,218.99,2,Huawei P9 Lite
2016-09-23,218.99,2,Huawei P9 Lite
2016-09-24,218.99,2,Huawei P9 Lite
2016-09-25,218.99,2,Huawei P9 Lite
2016-09-26,218.99,2,Huawei P9 Lite
2016-09-27,218.99,2,Huawei P9 Lite
2016-09-28,218.99,2,Huawei P9 Lite
2016-09-29,218.99,2,Huawei P9 Lite
2016-09-30,218.99,2,Huawei P9 Lite
2016-10-01,218.99,2,Huawei P9 Lite
2016-10-02,218.99,2,Huawei P9 Lite
2016-10-03,218.99,2,Huawei P9 Lite
2016-10-04,216.64,2,Huawei P9 Lite
2016-10-05,216.64,2,Huawei P9 Lite
2016-10-06,216.64,2,Huawei P9 Lite
2016-10-07,216.64,2,Huawei P9 Lite
2016-10-08,216.64,2,Huawei P9 Lite
2016-10-09,218.99,2,Huawei P9 Lite
2016-10-10,218.99,2,Huawei P9 Lite
2016-10-11,218.99,2,Huawei P9 Lite
2016-10-12,218.99,2,Huawei P9 Lite
2016-10-13,218.99,2,Huawei P9 Lite
2016-10-14,218.99,2,Huawei P9 Lite
2016-10-15,218.99,2,Huawei P9 Lite
2016-10-16,218.99,2,Huawei P9 Lite
2016-10-17,218.99,2,Huawei P9 Lite
2016-10-18,218.99,2,Huawei P9 Lite
2016-10-19,218.99,2,Huawei P9 Lite
2016-10-20,218.99,2,Huawei P9 Lite
2016-10-21,218.99,2,Huawei P9 Lite
2016-10-22,218.99,2,Huawei P9 Lite
2016-10-23,218.99,2,Huawei P9 Lite
2016-10-24,218.99,2,Huawei P9 Lite
2016-10-25,218.99,2,Huawei P9 Lite
2016-10-26,218.99,2,Huawei P9 Lite
2016-10-27,218.99,2,Huawei P9 Lite
2016-10-28,218.99,2,Huawei P9 Lite
2016-10-29,218.99,2,Huawei P9 Lite
2016-10-30,218.99,2,Huawei P9 Lite
2016-10-31,218.99,2,Huawei P9 Lite
2016-11-01,218.99,2,Huawei P9 Lite
2016-11-02,218.99,2,Huawei P9 Lite
2016-11-03,218.99,2,Huawei P9 Lite
2016-11-04,218.99,2,Huawei P9 Lite
2016-11-05,218.99,2,Huawei P9 Lite
2016-11-06,218.99,2,Huawei P9 Lite
2016-11-07,218.99,2,Huawei P9 Lite
2016-11-08,218.99,2,Huawei P9 Lite
2016-11-09,218.99,2,Huawei P9 Lite
2016-11-10,218.9,2,Huawei P9 Lite
2016-11-11,218.9,2,Huawei P9 Lite
2016-11-12,218.9,2,Huawei P9 Lite
2016-11-13,218.9,2,Huawei P9 Lite
2016-11-14,218.9,2,Huawei P9 Lite
2016-11-15,218.9,2,Huawei P9 Lite
2016-11-16,218.9,2,Huawei P9 Lite
2016-11-17,218.9,2,Huawei P9 Lite
2016-11-18,218.9,2,Huawei P9 Lite
2016-11-19,218.9,2,Huawei P9 Lite
2016-11-20,218.9,2,Huawei P9 Lite
2016-11-21,179.99,2,Huawei P9 Lite
2016-11-22,179.99,2,Huawei P9 Lite
2016-11-23,179.99,2,Huawei P9 Lite
2016-11-24,179.99,2,Huawei P9 Lite
2016-11-25,218.9,2,Huawei P9 Lite
2016-11-26,215,2,Huawei P9 Lite
2016-11-27,215,2,Huawei P9 Lite
2016-11-28,218.9,2,Huawei P9 Lite
2016-11-29,215,2,Huawei P9 Lite
2016-11-30,218.9,2,Huawei P9 Lite
2016-12-01,218.9,2,Huawei P9 Lite
2016-12-02,214.95,2,Huawei P9 Lite
2016-12-03,215,2,Huawei P9 Lite
2016-12-04,215,2,Huawei P9 Lite
2016-12-05,215,2,Huawei P9 Lite
2016-12-06,214.95,2,Huawei P9 Lite
2016-12-07,214.95,2,Huawei P9 Lite
2016-12-08,214.95,2,Huawei P9 Lite
2016-12-09,214,2,Huawei P9 Lite
2016-12-10,214,2,Huawei P9 Lite
2016-12-11,210.95,2,Huawei P9 Lite
2016-12-12,209.99,2,Huawei P9 Lite
2016-12-13,209.99,2,Huawei P9 Lite
2016-12-14,209.99,2,Huawei P9 Lite
2016-12-15,206.65,2,Huawei P9 Lite
2016-12-16,203.94,2,Huawei P9 Lite
2016-12-17,202.99,2,Huawei P9 Lite
2016-12-18,203,2,Huawei P9 Lite
2016-12-19,196.99,2,Huawei P9 Lite
2016-12-20,196.99,2,Huawei P9 Lite
2016-12-21,196.99,2,Huawei P9 Lite
2016-12-22,196.99,2,Huawei P9 Lite
2016-12-23,196.99,2,Huawei P9 Lite
2016-12-24,196,2,Huawei P9 Lite
2016-12-25,193.2,2,Huawei P9 Lite
2016-12-26,193.2,2,Huawei P9 Lite
2016-12-27,196,2,Huawei P9 Lite
2016-12-28,196.99,2,Huawei P9 Lite
2016-12-29,196.99,2,Huawei P9 Lite
2016-12-30,196.99,2,Huawei P9 Lite
2016-12-31,196.99,2,Huawei P9 Lite
2017-01-01,196.99,2,Huawei P9 Lite
2017-01-02,196.99,2,Huawei P9 Lite
2017-01-03,196.99,2,Huawei P9 Lite
2017-01-04,196.99,2,Huawei P9 Lite
2017-01-05,196.99,2,Huawei P9 Lite
2017-01-06,196.99,2,Huawei P9 Lite
2017-01-07,196.99,2,Huawei P9 Lite
2017-01-08,196.99,2,Huawei P9 Lite
2017-01-09,196.99,2,Huawei P9 Lite
2017-01-10,196.99,2,Huawei P9 Lite
2017-01-11,196.99,2,Huawei P9 Lite
2017-01-12,196.99,2,Huawei P9 Lite
2017-01-13,196.99,2,Huawei P9 Lite
2017-01-14,196.99,2,Huawei P9 Lite
2017-01-15,196.99,2,Huawei P9 Lite
2017-01-16,196.99,2,Huawei P9 Lite
2017-01-17,196.99,2,Huawei P9 Lite
2017-01-18,196.99,2,Huawei P9 Lite
2017-01-19,196.99,2,Huawei P9 Lite
2017-01-20,196.99,2,Huawei P9 Lite
2017-01-21,196.99,2,Huawei P9 Lite
2017-01-22,196.99,2,Huawei P9 Lite
2017-01-23,196.99,2,Huawei P9 Lite
2017-01-24,196.99,2,Huawei P9 Lite
2017-01-25,196.99,2,Huawei P9 Lite
2017-01-26,196.99,2,Huawei P9 Lite
2017-01-27,196.99,2,Huawei P9 Lite
2017-01-28,196.99,2,Huawei P9 Lite
2017-01-29,196.99,2,Huawei P9 Lite
2017-01-30,196.99,2,Huawei P9 Lite
2017-01-31,196.99,2,Huawei P9 Lite
2017-02-01,196.99,2,Huawei P9 Lite
2017-02-02,196.99,2,Huawei P9 Lite
2017-02-03,196.99,2,Huawei P9 Lite
2017-02-04,196.99,2,Huawei P9 Lite
2017-02-05,196.99,2,Huawei P9 Lite
2017-02-06,196.99,2,Huawei P9 Lite
2017-02-07,196.99,2,Huawei P9 Lite
2017-02-08,196.99,2,Huawei P9 Lite
2017-02-09,196.99,2,Huawei P9 Lite
2017-02-10,196.99,2,Huawei P9 Lite
2017-02-11,199.9,2,Huawei P9 Lite
2017-02-12,189.99,2,Huawei P9 Lite
2017-02-13,189.99,2,Huawei P9 Lite
2017-02-14,189.99,2,Huawei P9 Lite
2017-02-15,199.9,2,Huawei P9 Lite
2017-02-16,199.9,2,Huawei P9 Lite
2017-02-17,199.9,2,Huawei P9 Lite
2017-02-18,199.9,2,Huawei P9 Lite
2017-02-19,199.9,2,Huawei P9 Lite
2017-02-20,199.9,2,Huawei P9 Lite
2017-02-21,199.9,2,Huawei P9 Lite
2017-02-22,199.9,2,Huawei P9 Lite
2017-02-23,199.9,2,Huawei P9 Lite
2017-02-24,199.9,2,Huawei P9 Lite
2017-02-25,199.9,2,Huawei P9 Lite
2017-02-26,199.9,2,Huawei P9 Lite
2017-02-27,199.9,2,Huawei P9 Lite
2017-02-28,199.9,2,Huawei P9 Lite
2017-03-01,199.9,2,Huawei P9 Lite
2017-03-02,199.9,2,Huawei P9 Lite
2017-03-03,199.9,2,Huawei P9 Lite
2017-03-04,199.9,2,Huawei P9 Lite
2017-03-05,199.9,2,Huawei P9 Lite
2017-03-06,199.9,2,Huawei P9 Lite
2017-03-07,199.9,2,Huawei P9 Lite
2017-03-08,199.9,2,Huawei P9 Lite
2017-03-09,199.9,2,Huawei P9 Lite
2017-03-10,199.9,2,Huawei P9 Lite
2017-03-11,199.9,2,Huawei P9 Lite
2017-03-12,199.9,2,Huawei P9 Lite
2017-03-13,199.9,2,Huawei P9 Lite
2017-03-14,199.9,2,Huawei P9 Lite
2017-03-15,199.9,2,Huawei P9 Lite
2017-03-16,199.9,2,Huawei P9 Lite
2017-03-17,199.9,2,Huawei P9 Lite
2017-03-18,199.9,2,Huawei P9 Lite
2017-03-19,199.9,2,Huawei P9 Lite
2017-03-20,199.9,2,Huawei P9 Lite
2017-03-21,199.9,2,Huawei P9 Lite
2017-03-22,199.9,2,Huawei P9 Lite
2017-03-23,199.9,2,Huawei P9 Lite
2017-03-24,199.9,2,Huawei P9 Lite
2017-03-25,199.9,2,Huawei P9 Lite
2017-03-26,199.9,2,Huawei P9 Lite
2017-03-27,199.9,2,Huawei P9 Lite
2017-03-28,199.9,2,Huawei P9 Lite
2017-03-29,199.9,2,Huawei P9 Lite
2017-03-30,199.9,2,Huawei P9 Lite
2017-03-31,199.9,2,Huawei P9 Lite
2017-04-01,199.9,2,Huawei P9 Lite
2017-04-02,199.9,2,Huawei P9 Lite
2017-04-03,199.9,2,Huawei P9 Lite
2017-04-04,199.9,2,Huawei P9 Lite
2017-04-05,199.9,2,Huawei P9 Lite
2017-04-06,199.9,2,Huawei P9 Lite
2017-04-07,199.9,2,Huawei P9 Lite
2017-04-08,199.9,2,Huawei P9 Lite
2017-04-09,199.9,2,Huawei P9 Lite
2017-04-10,199.9,2,Huawei P9 Lite
2017-04-11,199.9,2,Huawei P9 Lite
2017-04-12,199.9,2,Huawei P9 Lite
2017-04-13,199.9,2,Huawei P9 Lite
2017-04-14,199.9,2,Huawei P9 Lite
2017-04-15,199.9,2,Huawei P9 Lite
2017-04-16,199.9,2,Huawei P9 Lite
2017-04-17,199.9,2,Huawei P9 Lite
2017-04-18,199.9,2,Huawei P9 Lite
2017-04-19,199.9,2,Huawei P9 Lite
2017-04-20,199.9,2,Huawei P9 Lite
2017-04-21,199.9,2,Huawei P9 Lite
2017-04-22,199.9,2,Huawei P9 Lite
2017-04-23,199.9,2,Huawei P9 Lite
2017-04-24,199.9,2,Huawei P9 Lite
2017-04-25,199.9,2,Huawei P9 Lite
2017-04-26,199.9,2,Huawei P9 Lite
2017-04-27,199.9,2,Huawei P9 Lite
2017-04-28,199.9,2,Huawei P9 Lite
2017-04-29,199.9,2,Huawei P9 Lite
2017-04-30,199.9,2,Huawei P9 Lite
2017-05-01,199.9,2,Huawei P9 Lite
2017-05-02,199.9,2,Huawei P9 Lite
2017-05-03,199.9,2,Huawei P9 Lite
2017-05-04,199.9,2,Huawei P9 Lite
2017-05-05,199.9,2,Huawei P9 Lite
2017-05-06,199.9,2,Huawei P9 Lite
2017-05-07,199.9,2,Huawei P9 Lite
2017-05-08,199.9,2,Huawei P9 Lite
2017-05-09,199.9,2,Huawei P9 Lite
2017-05-10,199.9,2,Huawei P9 Lite
2017-05-11,199.9,2,Huawei P9 Lite
2017-05-12,199.9,2,Huawei P9 Lite
2017-05-13,199.9,2,Huawei P9 Lite
2017-05-14,199.9,2,Huawei P9 Lite
2017-05-15,199.9,2,Huawei P9 Lite
2017-05-16,199.9,2,Huawei P9 Lite
2017-05-17,199.9,2,Huawei P9 Lite
2017-05-18,199.9,2,Huawei P9 Lite
2017-05-19,199.9,2,Huawei P9 Lite
2017-05-20,199.9,2,Huawei P9 Lite
2017-05-21,199.9,2,Huawei P9 Lite
2017-05-22,199.9,2,Huawei P9 Lite
2017-05-23,199.9,2,Huawei P9 Lite
2017-05-24,199.9,2,Huawei P9 Lite
2017-05-25,199.9,2,Huawei P9 Lite
2017-05-26,199.9,2,Huawei P9 Lite
2017-05-27,199.9,2,Huawei P9 Lite
2017-05-28,199.9,2,Huawei P9 Lite
2017-05-29,199.9,2,Huawei P9 Lite
2017-05-30,199.9,2,Huawei P9 Lite
2017-05-31,199.9,2,Huawei P9 Lite
2017-06-01,199.9,2,Huawei P9 Lite
2017-06-02,199.9,2,Huawei P9 Lite
2017-06-03,194.7,2,Huawei P9 Lite
2017-06-04,194.7,2,Huawei P9 Lite
2017-06-05,194.7,2,Huawei P9 Lite
2017-06-06,194.7,2,Huawei P9 Lite
2017-06-07,194.7,2,Huawei P9 Lite
2017-06-08,194.7,2,Huawei P9 Lite
2017-06-09,194.7,2,Huawei P9 Lite
2017-06-10,194.7,2,Huawei P9 Lite
2017-06-11,194.7,2,Huawei P9 Lite
2017-06-12,194.7,2,Huawei P9 Lite
2017-06-13,194.7,2,Huawei P9 Lite
2017-06-14,194.7,2,Huawei P9 Lite
2017-06-15,194.7,2,Huawei P9 Lite
2017-06-16,194.7,2,Huawei P9 Lite
2017-06-17,194.7,2,Huawei P9 Lite
2017-06-18,194.7,2,Huawei P9 Lite
2017-06-19,199.9,2,Huawei P9 Lite
2017-06-20,199.9,2,Huawei P9 Lite
2017-06-21,199.9,2,Huawei P9 Lite
2017-06-22,199.9,2,Huawei P9 Lite
2017-06-23,199.9,2,Huawei P9 Lite
2017-06-24,199.9,2,Huawei P9 Lite
2017-06-25,199.9,2,Huawei P9 Lite
2017-06-26,199.9,2,Huawei P9 Lite
2017-06-27,199.9,2,Huawei P9 Lite
2017-06-28,199.9,2,Huawei P9 Lite
2017-06-29,199.9,2,Huawei P9 Lite
2017-06-30,199.9,2,Huawei P9 Lite
2017-07-01,199.9,2,Huawei P9 Lite
2017-07-02,199.9,2,Huawei P9 Lite
2017-07-03,199.9,2,Huawei P9 Lite
2017-07-04,199.9,2,Huawei P9 Lite
2017-07-05,199.9,2,Huawei P9 Lite
2017-07-06,199.9,2,Huawei P9 Lite
2017-07-07,199.9,2,Huawei P9 Lite
2017-07-08,199.9,2,Huawei P9 Lite
2017-07-09,199.9,2,Huawei P9 Lite
2017-07-10,199.9,2,Huawei P9 Lite
2017-07-11,199.9,2,Huawei P9 Lite
2017-07-12,192.9,2,Huawei P9 Lite
2017-07-13,192.9,2,Huawei P9 Lite
2017-07-14,192.9,2,Huawei P9 Lite
2017-07-15,192.9,2,Huawei P9 Lite
2017-07-16,192.9,2,Huawei P9 Lite
2017-07-17,192.9,2,Huawei P9 Lite
2017-07-18,192.9,2,Huawei P9 Lite
2017-07-19,192.9,2,Huawei P9 Lite
2017-07-20,192.9,2,Huawei P9 Lite
2017-07-21,192.9,2,Huawei P9 Lite
2017-07-22,192.9,2,Huawei P9 Lite
2017-07-23,192.9,2,Huawei P9 Lite
2017-07-24,192.9,2,Huawei P9 Lite
2017-07-25,192.9,2,Huawei P9 Lite
2017-07-26,192.9,2,Huawei P9 Lite
2017-07-27,192.9,2,Huawei P9 Lite
2017-07-28,192.9,2,Huawei P9 Lite
2017-07-29,192.9,2,Huawei P9 Lite
2017-07-30,192.9,2,Huawei P9 Lite
2017-07-31,192.9,2,Huawei P9 Lite
2017-08-01,192.9,2,Huawei P9 Lite
2017-08-02,192.9,2,Huawei P9 Lite
2017-08-03,192.9,2,Huawei P9 Lite
2017-08-04,192.9,2,Huawei P9 Lite
2017-08-05,192.9,2,Huawei P9 Lite
2017-08-06,192.9,2,Huawei P9 Lite
2017-08-07,192.9,2,Huawei P9 Lite
2017-08-08,192.9,2,Huawei P9 Lite
2017-08-09,192.9,2,Huawei P9 Lite
2017-08-10,192.9,2,Huawei P9 Lite
2017-08-11,192.9,2,Huawei P9 Lite
2017-08-12,192.9,2,Huawei P9 Lite
2017-08-13,192.9,2,Huawei P9 Lite
2017-08-14,192.9,2,Huawei P9 Lite
2017-08-15,192.9,2,Huawei P9 Lite
2017-08-16,192.9,2,Huawei P9 Lite
2017-08-17,192.9,2,Huawei P9 Lite
2017-08-18,192.9,2,Huawei P9 Lite
2017-08-19,192.9,2,Huawei P9 Lite
2017-08-20,192.9,2,Huawei P9 Lite
2017-08-21,192.9,2,Huawei P9 Lite
2017-08-22,192.9,2,Huawei P9 Lite
2017-08-23,192.9,2,Huawei P9 Lite
2017-08-24,192.9,2,Huawei P9 Lite
2017-08-25,192.9,2,Huawei P9 Lite
2017-08-26,192.9,2,Huawei P9 Lite
2017-08-27,192.9,2,Huawei P9 Lite
2017-08-28,192.9,2,Huawei P9 Lite
2017-08-29,192.9,2,Huawei P9 Lite
2017-08-30,192.9,2,Huawei P9 Lite
2017-08-31,192.9,2,Huawei P9 Lite
2017-09-01,192.9,2,Huawei P9 Lite
2017-09-02,192.9,2,Huawei P9 Lite
2017-09-03,192.9,2,Huawei P9 Lite
2017-09-04,192.9,2,Huawei P9 Lite
2017-09-05,192.9,2,Huawei P9 Lite
2017-09-06,192.9,2,Huawei P9 Lite
2017-09-07,192.9,2,Huawei P9 Lite
2017-09-08,192.9,2,Huawei P9 Lite
2017-09-09,192.9,2,Huawei P9 Lite
2017-09-10,192.9,2,Huawei P9 Lite
2017-09-11,191,2,Huawei P9 Lite
2017-09-12,188.99,2,Huawei P9 Lite
2017-09-13,188.99,2,Huawei P9 Lite
2017-09-14,188.99,2,Huawei P9 Lite
2017-09-15,188.99,2,Huawei P9 Lite
2017-09-16,188.99,2,Huawei P9 Lite
2017-09-17,187.99,2,Huawei P9 Lite
2017-09-18,187.99,2,Huawei P9 Lite
2017-09-19,187.99,2,Huawei P9 Lite
2017-09-20,188,2,Huawei P9 Lite
2017-09-21,185.5,2,Huawei P9 Lite
2017-09-22,185.5,2,Huawei P9 Lite
2017-09-23,183.25,2,Huawei P9 Lite
2017-09-24,183.25,2,Huawei P9 Lite
2017-09-25,183.2,2,Huawei P9 Lite
2017-09-26,183.2,2,Huawei P9 Lite
2017-09-27,183.25,2,Huawei P9 Lite
2017-09-28,183.25,2,Huawei P9 Lite
2017-09-29,183.25,2,Huawei P9 Lite
2017-09-30,183.25,2,Huawei P9 Lite
2017-10-01,183.25,2,Huawei P9 Lite
2017-10-02,183.25,2,Huawei P9 Lite
2017-10-03,183.25,2,Huawei P9 Lite
2017-10-04,183.25,2,Huawei P9 Lite
2017-10-05,183.25,2,Huawei P9 Lite
2017-10-06,183.25,2,Huawei P9 Lite
2017-10-07,183.25,2,Huawei P9 Lite
2017-10-08,183.25,2,Huawei P9 Lite
2017-10-09,183.25,2,Huawei P9 Lite
2017-10-10,183.25,2,Huawei P9 Lite
2017-10-11,183.25,2,Huawei P9 Lite
2017-10-12,183.25,2,Huawei P9 Lite
2017-10-13,183.25,2,Huawei P9 Lite
2017-10-14,183.25,2,Huawei P9 Lite
2017-10-15,183.25,2,Huawei P9 Lite
2017-10-16,183.25,2,Huawei P9 Lite
2017-10-17,183.25,2,Huawei P9 Lite
2017-10-18,184.9,2,Huawei P9 Lite
2017-10-19,187.9,2,Huawei P9 Lite
2017-10-20,187.9,2,Huawei P9 Lite
2017-10-21,187.9,2,Huawei P9 Lite
2017-10-22,187.9,2,Huawei P9 Lite
2017-10-23,188,2,Huawei P9 Lite
2017-10-24,188,2,Huawei P9 Lite
2017-10-25,187.9,2,Huawei P9 Lite
2017-10-26,187.9,2,Huawei P9 Lite
2017-10-27,187.9,2,Huawei P9 Lite
2017-10-28,187.9,2,Huawei P9 Lite
2017-10-29,187.9,2,Huawei P9 Lite
2017-10-30,187.9,2,Huawei P9 Lite
2017-10-31,133.72,2,Huawei P9 Lite
2017-11-01,133.72,2,Huawei P9 Lite
2017-11-02,133.72,2,Huawei P9 Lite
2017-11-03,150.07,2,Huawei P9 Lite
2017-11-04,150.07,2,Huawei P9 Lite
2017-11-05,129.22,2,Huawei P9 Lite
2017-11-06,129.22,2,Huawei P9 Lite
2017-11-07,129.22,2,Huawei P9 Lite
2017-11-08,129.22,2,Huawei P9 Lite
2017-11-09,150.07,2,Huawei P9 Lite
2017-11-10,129.22,2,Huawei P9 Lite
2017-11-11,129.22,2,Huawei P9 Lite
2017-11-12,129.22,2,Huawei P9 Lite
2017-11-13,129.22,2,Huawei P9 Lite
2017-11-14,129.22,2,Huawei P9 Lite
2017-11-15,129.22,2,Huawei P9 Lite
2017-11-16,135.24,2,Huawei P9 Lite
2017-11-17,135.24,2,Huawei P9 Lite
2017-11-18,135.24,2,Huawei P9 Lite
2017-11-19,135.24,2,Huawei P9 Lite
2017-11-20,135.24,2,Huawei P9 Lite
2017-11-21,135.24,2,Huawei P9 Lite
2017-11-22,135.24,2,Huawei P9 Lite
2017-11-23,135.24,2,Huawei P9 Lite
2017-11-24,129.9,2,Huawei P9 Lite
2017-11-25,135.24,2,Huawei P9 Lite
2017-11-26,135.24,2,Huawei P9 Lite
2017-11-27,134.57,2,Huawei P9 Lite
2017-11-28,134.57,2,Huawei P9 Lite
2017-11-29,134.57,2,Huawei P9 Lite
2017-11-30,134.57,2,Huawei P9 Lite
2017-12-01,134.57,2,Huawei P9 Lite
2017-12-02,134.57,2,Huawei P9 Lite
2017-12-03,134.57,2,Huawei P9 Lite
2017-12-04,132.47,2,Huawei P9 Lite
2017-12-05,132.47,2,Huawei P9 Lite
2017-12-06,132.47,2,Huawei P9 Lite
2017-12-07,132.47,2,Huawei P9 Lite
2017-12-08,132.47,2,Huawei P9 Lite
2017-12-09,132.47,2,Huawei P9 Lite
2017-12-10,132.47,2,Huawei P9 Lite
2017-12-11,127.95,2,Huawei P9 Lite
2017-12-12,127.95,2,Huawei P9 Lite
2017-12-13,127.95,2,Huawei P9 Lite
2017-12-14,132.47,2,Huawei P9 Lite
2017-12-15,132.47,2,Huawei P9 Lite
2017-12-16,132.47,2,Huawei P9 Lite
2017-12-17,132.47,2,Huawei P9 Lite
2017-12-18,132.47,2,Huawei P9 Lite
2017-12-19,135.48,2,Huawei P9 Lite
2017-12-20,131.72,2,Huawei P9 Lite
2017-12-21,131.72,2,Huawei P9 Lite
2017-12-22,131.72,2,Huawei P9 Lite
2017-12-23,131.72,2,Huawei P9 Lite
2017-12-24,135.48,2,Huawei P9 Lite
2017-12-25,136.16,2,Huawei P9 Lite
2017-12-26,136.16,2,Huawei P9 Lite
2017-12-27,136.16,2,Huawei P9 Lite
2017-12-28,136.16,2,Huawei P9 Lite
2017-12-29,136.16,2,Huawei P9 Lite
2017-12-30,163.15,2,Huawei P9 Lite
2017-12-31,163.15,2,Huawei P9 Lite
2018-01-01,163.15,2,Huawei P9 Lite
2018-01-02,163.15,2,Huawei P9 Lite
2018-01-03,163.15,2,Huawei P9 Lite
2018-01-04,132.38,2,Huawei P9 Lite
2018-01-05,132.38,2,Huawei P9 Lite
2018-01-06,132.38,2,Huawei P9 Lite
2018-01-07,132.38,2,Huawei P9 Lite
2018-01-08,131.71,2,Huawei P9 Lite
2018-01-09,131.71,2,Huawei P9 Lite
2018-01-10,131.71,2,Huawei P9 Lite
2018-01-11,131.71,2,Huawei P9 Lite
2018-01-12,150.08,2,Huawei P9 Lite
2018-01-13,150.08,2,Huawei P9 Lite
2018-01-14,150.08,2,Huawei P9 Lite
2018-01-15,127.95,2,Huawei P9 Lite
2018-01-16,127.95,2,Huawei P9 Lite
2018-01-17,127.95,2,Huawei P9 Lite
2018-01-18,127.95,2,Huawei P9 Lite
2018-01-19,127.95,2,Huawei P9 Lite
2018-01-20,127.95,2,Huawei P9 Lite
2018-01-21,127.95,2,Huawei P9 Lite
2018-01-22,126.03,2,Huawei P9 Lite
2018-01-23,126.03,2,Huawei P9 Lite
2018-01-24,126.03,2,Huawei P9 Lite
2018-01-25,126.03,2,Huawei P9 Lite
2018-01-26,126.03,2,Huawei P9 Lite
2018-01-27,126.03,2,Huawei P9 Lite
2018-01-28,126.03,2,Huawei P9 Lite
2018-01-29,126.03,2,Huawei P9 Lite
2018-01-30,126.03,2,Huawei P9 Lite
2018-01-31,126.03,2,Huawei P9 Lite
2018-02-01,126.03,2,Huawei P9 Lite
2018-02-02,126.03,2,Huawei P9 Lite
2018-02-03,126.03,2,Huawei P9 Lite
2018-02-04,126.03,2,Huawei P9 Lite
2018-02-05,146.35,2,Huawei P9 Lite
2018-02-06,124.77,2,Huawei P9 Lite
2018-02-07,124.77,2,Huawei P9 Lite
2018-02-08,124.77,2,Huawei P9 Lite
2018-02-09,124.77,2,Huawei P9 Lite
2018-02-10,124.77,2,Huawei P9 Lite
2018-02-11,124.77,2,Huawei P9 Lite
2018-02-12,124.77,2,Huawei P9 Lite
2018-02-13,124.77,2,Huawei P9 Lite
2018-02-14,124.77,2,Huawei P9 Lite
2018-02-15,124.77,2,Huawei P9 Lite
2018-02-16,124.77,2,Huawei P9 Lite
2018-02-17,124.77,2,Huawei P9 Lite
2018-02-18,124.77,2,Huawei P9 Lite
2018-02-19,124.77,2,Huawei P9 Lite
2018-02-20,124.77,2,Huawei P9 Lite
2018-02-21,124.77,2,Huawei P9 Lite
2018-02-22,124.77,2,Huawei P9 Lite
2018-02-23,132.11,2,Huawei P9 Lite
2018-02-24,121.83,2,Huawei P9 Lite
2018-02-25,132.11,2,Huawei P9 Lite
2018-02-26,121.83,2,Huawei P9 Lite
2018-02-27,121.83,2,Huawei P9 Lite
2018-02-28,121.83,2,Huawei P9 Lite
2018-03-01,121.83,2,Huawei P9 Lite
2018-03-02,121.83,2,Huawei P9 Lite
2018-03-03,121.83,2,Huawei P9 Lite
2018-03-04,121.83,2,Huawei P9 Lite
2018-03-05,150.88,2,Huawei P9 Lite
2018-03-06,123.05,2,Huawei P9 Lite
2018-03-07,118.61,2,Huawei P9 Lite
2018-03-08,118.61,2,Huawei P9 Lite
2018-03-09,118.61,2,Huawei P9 Lite
2018-03-10,118.61,2,Huawei P9 Lite
2018-03-11,118.61,2,Huawei P9 Lite
2018-03-12,118.61,2,Huawei P9 Lite
2018-03-13,118.61,2,Huawei P9 Lite
2018-03-14,118.61,2,Huawei P9 Lite
2018-03-15,118.61,2,Huawei P9 Lite
2018-03-16,118.61,2,Huawei P9 Lite
2018-03-17,118.61,2,Huawei P9 Lite
2018-03-18,118.61,2,Huawei P9 Lite
2018-03-19,117.42,2,Huawei P9 Lite
2018-03-20,117.42,2,Huawei P9 Lite
2018-03-21,117.42,2,Huawei P9 Lite
2018-03-22,117.42,2,Huawei P9 Lite
2018-03-23,117.42,2,Huawei P9 Lite
2018-03-24,117.42,2,Huawei P9 Lite
2018-03-25,145.95,2,Huawei P9 Lite
2018-03-26,145.95,2,Huawei P9 Lite
2018-03-27,113.35,2,Huawei P9 Lite
2018-03-28,113.35,2,Huawei P9 Lite
2018-03-29,113.35,2,Huawei P9 Lite
2018-03-30,113.35,2,Huawei P9 Lite
2018-03-31,113.35,2,Huawei P9 Lite
2018-04-01,117.42,2,Huawei P9 Lite
2018-04-02,116.83,2,Huawei P9 Lite
2018-04-03,116.83,2,Huawei P9 Lite
2018-04-04,116.83,2,Huawei P9 Lite
2018-04-05,147.34,2,Huawei P9 Lite
2018-04-06,113.18,2,Huawei P9 Lite
2018-04-07,113.18,2,Huawei P9 Lite
2018-04-08,113.18,2,Huawei P9 Lite
2018-04-09,113.18,2,Huawei P9 Lite
2018-04-10,113.18,2,Huawei P9 Lite
2018-04-11,113.18,2,Huawei P9 Lite
2018-04-12,113.18,2,Huawei P9 Lite
2018-04-13,113.18,2,Huawei P9 Lite
2018-04-14,113.18,2,Huawei P9 Lite
2018-04-15,113.18,2,Huawei P9 Lite
2018-04-16,111.48,2,Huawei P9 Lite
2018-04-17,111.48,2,Huawei P9 Lite
2018-04-18,111.48,2,Huawei P9 Lite
2018-04-19,111.48,2,Huawei P9 Lite
2018-04-20,111.48,2,Huawei P9 Lite
2018-04-21,111.48,2,Huawei P9 Lite
2018-04-22,111.48,2,Huawei P9 Lite
2018-04-23,111.48,2,Huawei P9 Lite
2018-04-24,111.48,2,Huawei P9 Lite
2018-04-25,111.48,2,Huawei P9 Lite
2018-04-26,111.48,2,Huawei P9 Lite
2018-04-27,111.48,2,Huawei P9 Lite
2018-04-28,111.48,2,Huawei P9 Lite
2018-04-29,111.48,2,Huawei P9 Lite
2018-04-30,111.48,2,Huawei P9 Lite
2018-05-01,111.48,2,Huawei P9 Lite
2018-05-02,111.48,2,Huawei P9 Lite
2018-05-03,111.48,2,Huawei P9 Lite
2018-05-04,111.48,2,Huawei P9 Lite
2018-05-05,111.48,2,Huawei P9 Lite
2018-05-06,111.48,2,Huawei P9 Lite
2018-05-07,111.48,2,Huawei P9 Lite
2018-05-08,111.48,2,Huawei P9 Lite
2018-05-09,111.48,2,Huawei P9 Lite
2018-05-10,111.48,2,Huawei P9 Lite
2018-05-11,111.48,2,Huawei P9 Lite
2018-05-12,111.48,2,Huawei P9 Lite
2018-05-13,111.48,2,Huawei P9 Lite
2018-05-14,111.48,2,Huawei P9 Lite
2018-05-15,111.48,2,Huawei P9 Lite
2018-05-16,111.48,2,Huawei P9 Lite
2018-05-17,111.48,2,Huawei P9 Lite
2018-05-18,111.48,2,Huawei P9 Lite
2018-05-19,111.48,2,Huawei P9 Lite
2018-05-20,111.48,2,Huawei P9 Lite
2018-05-21,111.48,2,Huawei P9 Lite
2018-05-22,179.99,2,Huawei P9 Lite
2018-05-23,179.99,2,Huawei P9 Lite
2018-05-24,179.99,2,Huawei P9 Lite
2018-05-25,179.99,2,Huawei P9 Lite
2018-05-26,179.99,2,Huawei P9 Lite
2018-05-27,179.99,2,Huawei P9 Lite
2018-05-28,179.99,2,Huawei P9 Lite
2018-05-29,179.99,2,Huawei P9 Lite
2018-05-30,179.99,2,Huawei P9 Lite
2018-05-31,161.26,2,Huawei P9 Lite
2018-06-01,161.55,2,Huawei P9 Lite
2018-06-02,161.55,2,Huawei P9 Lite
2018-06-03,161.55,2,Huawei P9 Lite
2018-06-04,161.55,2,Huawei P9 Lite
2018-06-05,161.54,2,Huawei P9 Lite
2018-06-06,161.09,2,Huawei P9 Lite
2018-06-07,161.55,2,Huawei P9 Lite
2018-06-08,162.25,2,Huawei P9 Lite
2018-06-09,161.63,2,Huawei P9 Lite
2018-06-10,161.63,2,Huawei P9 Lite
2018-06-11,161.63,2,Huawei P9 Lite
2018-06-12,162.34,2,Huawei P9 Lite
2018-06-13,162.33,2,Huawei P9 Lite
2018-06-14,162.38,2,Huawei P9 Lite
2018-06-15,161.55,2,Huawei P9 Lite
2018-06-16,160.98,2,Huawei P9 Lite
2018-06-17,160.98,2,Huawei P9 Lite
2018-06-18,160.98,2,Huawei P9 Lite
2018-06-19,161.51,2,Huawei P9 Lite
2018-06-20,161.57,2,Huawei P9 Lite
2018-06-21,161.86,2,Huawei P9 Lite
2018-06-22,161.06,2,Huawei P9 Lite
2018-06-23,161.52,2,Huawei P9 Lite
2018-06-24,161.52,2,Huawei P9 Lite
2018-06-25,161.52,2,Huawei P9 Lite
2018-06-26,162.12,2,Huawei P9 Lite
2018-06-27,162.12,2,Huawei P9 Lite
2018-06-28,162.31,2,Huawei P9 Lite
2018-06-29,162.33,2,Huawei P9 Lite
2018-06-30,162.88,2,Huawei P9 Lite
2018-07-01,162.88,2,Huawei P9 Lite
2018-07-02,162.88,2,Huawei P9 Lite
2018-07-03,163.01,2,Huawei P9 Lite
2018-07-04,163.08,2,Huawei P9 Lite
2018-07-05,162.22,2,Huawei P9 Lite
2018-07-06,162.54,2,Huawei P9 Lite
2018-07-07,162.99,2,Huawei P9 Lite
2018-07-08,162.99,2,Huawei P9 Lite
2018-07-09,162.99,2,Huawei P9 Lite
2018-07-10,128.17,2,Huawei P9 Lite
2018-07-11,128.17,2,Huawei P9 Lite
2018-07-12,128.17,2,Huawei P9 Lite
2018-07-13,128.17,2,Huawei P9 Lite
2018-07-14,128.17,2,Huawei P9 Lite
2018-07-15,128.17,2,Huawei P9 Lite
2018-07-16,128.17,2,Huawei P9 Lite
2018-07-17,128.17,2,Huawei P9 Lite
2018-07-18,128.17,2,Huawei P9 Lite
2018-07-19,128.17,2,Huawei P9 Lite
2018-07-20,128.17,2,Huawei P9 Lite
2018-07-21,128.17,2,Huawei P9 Lite
2018-07-22,128.17,2,Huawei P9 Lite
2018-07-23,128.17,2,Huawei P9 Lite
2018-07-24,128.17,2,Huawei P9 Lite
2018-07-25,128.17,2,Huawei P9 Lite
2018-07-26,128.17,2,Huawei P9 Lite
2018-07-27,128.17,2,Huawei P9 Lite
2018-07-28,128.17,2,Huawei P9 Lite
2018-07-29,128.17,2,Huawei P9 Lite
2018-07-30,128.17,2,Huawei P9 Lite
2018-07-31,128.17,2,Huawei P9 Lite
2018-08-01,128.17,2,Huawei P9 Lite
2018-08-02,128.17,2,Huawei P9 Lite
2018-08-03,128.17,2,Huawei P9 Lite
2018-08-04,128.17,2,Huawei P9 Lite
2018-08-05,128.17,2,Huawei P9 Lite
2018-08-06,128.17,2,Huawei P9 Lite
2018-08-07,128.17,2,Huawei P9 Lite
2018-08-08,128.17,2,Huawei P9 Lite
2018-08-09,128.17,2,Huawei P9 Lite
2018-08-10,128.17,2,Huawei P9 Lite
2018-08-11,128.17,2,Huawei P9 Lite
2018-08-12,128.17,2,Huawei P9 Lite
2018-08-13,128.17,2,Huawei P9 Lite
2018-08-14,128.17,2,Huawei P9 Lite
2018-08-15,128.17,2,Huawei P9 Lite
2018-08-16,128.17,2,Huawei P9 Lite
2018-08-17,128.17,2,Huawei P9 Lite
2018-08-18,128.17,2,Huawei P9 Lite
2018-08-19,128.17,2,Huawei P9 Lite
2018-08-20,128.17,2,Huawei P9 Lite
2018-08-21,128.17,2,Huawei P9 Lite
2018-08-22,128.17,2,Huawei P9 Lite
2018-08-23,128.17,2,Huawei P9 Lite
2018-08-24,128.17,2,Huawei P9 Lite
2018-08-25,128.17,2,Huawei P9 Lite
2018-08-26,128.17,2,Huawei P9 Lite
2018-08-27,128.17,2,Huawei P9 Lite
2018-08-28,128.17,2,Huawei P9 Lite
2018-08-29,128.17,2,Huawei P9 Lite
2018-08-30,128.17,2,Huawei P9 Lite
2018-08-31,128.17,2,Huawei P9 Lite
2018-09-01,128.17,2,Huawei P9 Lite
2018-09-02,128.17,2,Huawei P9 Lite
2018-09-03,128.17,2,Huawei P9 Lite
2018-09-04,128.17,2,Huawei P9 Lite
2018-09-05,128.17,2,Huawei P9 Lite
2018-09-06,128.17,2,Huawei P9 Lite
2018-09-07,128.17,2,Huawei P9 Lite
2018-09-08,128.17,2,Huawei P9 Lite
2018-09-09,128.17,2,Huawei P9 Lite
2018-09-10,128.17,2,Huawei P9 Lite
2018-09-11,128.17,2,Huawei P9 Lite
2018-09-12,128.17,2,Huawei P9 Lite
2018-09-13,128.17,2,Huawei P9 Lite
2018-09-14,128.17,2,Huawei P9 Lite
2018-09-15,128.17,2,Huawei P9 Lite
2018-09-16,128.17,2,Huawei P9 Lite
2018-09-17,128.17,2,Huawei P9 Lite
2018-09-18,128.17,2,Huawei P9 Lite
2018-09-19,128.17,2,Huawei P9 Lite
2018-09-20,128.17,2,Huawei P9 Lite
2018-09-21,128.17,2,Huawei P9 Lite
2018-09-22,128.17,2,Huawei P9 Lite
2018-09-23,128.17,2,Huawei P9 Lite
2018-09-24,128.17,2,Huawei P9 Lite
2018-09-25,128.17,2,Huawei P9 Lite
2018-09-26,128.17,2,Huawei P9 Lite
2018-09-27,128.17,2,Huawei P9 Lite
2018-09-28,128.17,2,Huawei P9 Lite
2018-09-29,128.17,2,Huawei P9 Lite
2018-09-30,128.17,2,Huawei P9 Lite
2018-10-01,128.17,2,Huawei P9 Lite
2018-10-02,128.17,2,Huawei P9 Lite
2018-10-03,110,2,Huawei P9 Lite
2018-10-04,110,2,Huawei P9 Lite
2018-10-05,110,2,Huawei P9 Lite
2018-10-06,110,2,Huawei P9 Lite
2018-10-07,110,2,Huawei P9 Lite
2018-10-08,110,2,Huawei P9 Lite
2018-10-09,128.17,2,Huawei P9 Lite
2018-10-10,128.17,2,Huawei P9 Lite
2018-10-11,128.17,2,Huawei P9 Lite
2018-10-12,128.17,2,Huawei P9 Lite
2018-10-13,128.17,2,Huawei P9 Lite
2018-10-14,128.17,2,Huawei P9 Lite
2018-10-15,128.17,2,Huawei P9 Lite
2018-10-16,128.17,2,Huawei P9 Lite
2018-10-17,128.17,2,Huawei P9 Lite
2018-10-18,128.17,2,Huawei P9 Lite
2018-10-19,128.17,2,Huawei P9 Lite
2018-10-20,128.17,2,Huawei P9 Lite
2018-10-21,128.17,2,Huawei P9 Lite
2018-10-22,128.17,2,Huawei P9 Lite
2018-10-23,128.17,2,Huawei P9 Lite
2018-10-24,128.17,2,Huawei P9 Lite
2018-10-25,128.17,2,Huawei P9 Lite
2018-10-26,128.17,2,Huawei P9 Lite
2018-10-27,128.17,2,Huawei P9 Lite
2018-10-28,128.17,2,Huawei P9 Lite
2018-10-29,128.17,2,Huawei P9 Lite
2018-10-30,128.17,2,Huawei P9 Lite
2018-10-31,128.17,2,Huawei P9 Lite
2018-11-01,128.17,2,Huawei P9 Lite
2018-11-02,128.17,2,Huawei P9 Lite
2018-11-03,128.17,2,Huawei P9 Lite
2018-11-04,128.17,2,Huawei P9 Lite
2018-11-05,128.17,2,Huawei P9 Lite
2018-11-06,128.17,2,Huawei P9 Lite
2018-11-07,128.17,2,Huawei P9 Lite
2018-11-08,128.17,2,Huawei P9 Lite
2018-11-09,128.17,2,Huawei P9 Lite
2018-11-10,128.17,2,Huawei P9 Lite
2018-11-11,128.17,2,Huawei P9 Lite
2018-11-12,128.17,2,Huawei P9 Lite
2018-11-13,128.17,2,Huawei P9 Lite
2018-11-14,128.17,2,Huawei P9 Lite
2018-11-15,128.17,2,Huawei P9 Lite
2018-11-16,128.17,2,Huawei P9 Lite
2018-11-17,128.17,2,Huawei P9 Lite
2018-11-18,128.17,2,Huawei P9 Lite
2018-11-19,128.17,2,Huawei P9 Lite
2018-11-20,128.17,2,Huawei P9 Lite
2018-11-21,128.17,2,Huawei P9 Lite
2018-11-22,128.17,2,Huawei P9 Lite
2018-11-23,128.17,2,Huawei P9 Lite
2018-11-24,128.17,2,Huawei P9 Lite
2018-11-25,128.17,2,Huawei P9 Lite
2018-11-26,128.17,2,Huawei P9 Lite
2018-11-27,128.17,2,Huawei P9 Lite
2018-11-28,128.17,2,Huawei P9 Lite
2018-11-29,128.17,2,Huawei P9 Lite
2018-11-30,128.17,2,Huawei P9 Lite
2018-12-01,128.17,2,Huawei P9 Lite
2018-12-02,128.17,2,Huawei P9 Lite
2018-12-03,128.17,2,Huawei P9 Lite
2018-12-04,128.17,2,Huawei P9 Lite
2018-12-05,128.17,2,Huawei P9 Lite
2018-12-06,128.17,2,Huawei P9 Lite
2018-12-07,128.17,2,Huawei P9 Lite
2018-12-08,128.17,2,Huawei P9 Lite
2018-12-09,128.17,2,Huawei P9 Lite
2018-12-10,128.17,2,Huawei P9 Lite
2018-12-11,128.17,2,Huawei P9 Lite
2018-12-12,128.17,2,Huawei P9 Lite
2018-12-13,128.17,2,Huawei P9 Lite
2018-12-14,128.17,2,Huawei P9 Lite
2018-12-15,128.17,2,Huawei P9 Lite
2018-12-16,128.17,2,Huawei P9 Lite
2018-12-17,128.17,2,Huawei P9 Lite
2018-12-18,128.17,2,Huawei P9 Lite
2018-12-19,128.17,2,Huawei P9 Lite
2018-12-20,128.17,2,Huawei P9 Lite
2018-12-21,128.17,2,Huawei P9 Lite
2018-12-22,128.17,2,Huawei P9 Lite
2018-12-23,128.17,2,Huawei P9 Lite
2018-12-24,128.17,2,Huawei P9 Lite
2018-12-25,128.17,2,Huawei P9 Lite
2018-12-26,128.17,2,Huawei P9 Lite
2018-12-27,128.17,2,Huawei P9 Lite
2018-12-28,128.17,2,Huawei P9 Lite
2018-12-29,128.17,2,Huawei P9 Lite
2018-12-30,128.17,2,Huawei P9 Lite
2018-12-31,128.17,2,Huawei P9 Lite
2019-01-01,128.17,2,Huawei P9 Lite
2019-01-02,128.17,2,Huawei P9 Lite
2019-01-03,128.17,2,Huawei P9 Lite
2019-01-04,128.17,2,Huawei P9 Lite
2019-01-05,128.17,2,Huawei P9 Lite
2019-01-06,128.17,2,Huawei P9 Lite
2019-01-07,128.17,2,Huawei P9 Lite
2019-01-08,128.17,2,Huawei P9 Lite
2019-01-09,128.17,2,Huawei P9 Lite
2019-01-10,128.17,2,Huawei P9 Lite
2019-01-11,128.17,2,Huawei P9 Lite
2019-01-12,128.17,2,Huawei P9 Lite
2019-01-13,128.17,2,Huawei P9 Lite
2019-01-14,128.17,2,Huawei P9 Lite
2019-01-15,128.17,2,Huawei P9 Lite
2019-01-16,128.17,2,Huawei P9 Lite
2019-01-17,128.17,2,Huawei P9 Lite
2019-01-18,128.17,2,Huawei P9 Lite
2019-01-19,128.17,2,Huawei P9 Lite
2019-01-20,128.17,2,Huawei P9 Lite
2019-01-21,128.17,2,Huawei P9 Lite
2019-01-22,128.17,2,Huawei P9 Lite
2019-01-23,128.17,2,Huawei P9 Lite
2019-01-24,128.17,2,Huawei P9 Lite
2019-01-25,128.17,2,Huawei P9 Lite
2019-01-26,128.17,2,Huawei P9 Lite
2019-01-27,128.17,2,Huawei P9 Lite
2019-01-28,128.17,2,Huawei P9 Lite
2019-01-29,128.17,2,Huawei P9 Lite
2019-01-30,128.17,2,Huawei P9 Lite
2019-01-31,128.17,2,Huawei P9 Lite
2019-02-01,128.17,2,Huawei P9 Lite
2019-02-02,128.17,2,Huawei P9 Lite
2019-02-03,128.17,2,Huawei P9 Lite
2019-02-04,128.17,2,Huawei P9 Lite
2019-02-05,128.17,2,Huawei P9 Lite
2019-02-06,128.17,2,Huawei P9 Lite
2019-02-07,128.17,2,Huawei P9 Lite
2019-02-08,128.17,2,Huawei P9 Lite
2019-02-09,128.17,2,Huawei P9 Lite
2019-02-10,128.17,2,Huawei P9 Lite
2019-02-11,128.17,2,Huawei P9 Lite
2019-02-12,128.17,2,Huawei P9 Lite
2019-02-13,128.17,2,Huawei P9 Lite
2019-02-14,128.17,2,Huawei P9 Lite
2019-02-15,128.17,2,Huawei P9 Lite
2019-02-16,128.17,2,Huawei P9 Lite
2019-02-17,128.17,2,Huawei P9 Lite
2019-02-18,128.17,2,Huawei P9 Lite
2019-02-19,128.17,2,Huawei P9 Lite
2019-02-20,128.17,2,Huawei P9 Lite
2019-02-21,128.17,2,Huawei P9 Lite
2019-02-22,128.17,2,Huawei P9 Lite
2019-02-23,128.17,2,Huawei P9 Lite
2019-02-24,128.17,2,Huawei P9 Lite
2019-02-25,128.17,2,Huawei P9 Lite
2019-02-26,128.17,2,Huawei P9 Lite
2019-02-27,128.17,2,Huawei P9 Lite
2019-02-28,128.17,2,Huawei P9 Lite
2019-03-01,128.17,2,Huawei P9 Lite
2019-03-02,128.17,2,Huawei P9 Lite
2019-03-03,128.17,2,Huawei P9 Lite
2019-03-04,128.17,2,Huawei P9 Lite
2019-03-05,128.17,2,Huawei P9 Lite
2019-03-06,128.17,2,Huawei P9 Lite
2019-03-07,128.17,2,Huawei P9 Lite
2019-03-08,128.17,2,Huawei P9 Lite
2019-03-09,128.17,2,Huawei P9 Lite
2019-03-10,128.17,2,Huawei P9 Lite
2019-03-11,128.17,2,Huawei P9 Lite
2019-03-12,128.17,2,Huawei P9 Lite
2019-03-13,128.17,2,Huawei P9 Lite
2019-03-14,128.17,2,Huawei P9 Lite
2019-03-15,128.17,2,Huawei P9 Lite
2019-03-16,128.17,2,Huawei P9 Lite
2019-03-17,128.17,2,Huawei P9 Lite
2019-03-18,128.17,2,Huawei P9 Lite
2019-03-19,128.17,2,Huawei P9 Lite
2019-03-20,128.17,2,Huawei P9 Lite
2019-03-21,128.17,2,Huawei P9 Lite
2019-03-22,128.17,2,Huawei P9 Lite
2019-03-23,128.17,2,Huawei P9 Lite
2019-03-24,128.17,2,Huawei P9 Lite
2019-03-25,128.17,2,Huawei P9 Lite
2019-03-26,128.17,2,Huawei P9 Lite
2019-03-27,128.17,2,Huawei P9 Lite
2019-03-28,128.17,2,Huawei P9 Lite
2019-03-29,128.17,2,Huawei P9 Lite
2019-03-30,128.17,2,Huawei P9 Lite
2019-03-31,128.17,2,Huawei P9 Lite
2019-04-01,128.17,2,Huawei P9 Lite
2019-04-02,128.17,2,Huawei P9 Lite
2019-04-03,128.17,2,Huawei P9 Lite
2019-04-04,128.17,2,Huawei P9 Lite
2019-04-05,128.17,2,Huawei P9 Lite
2019-04-06,128.17,2,Huawei P9 Lite
2019-04-07,128.17,2,Huawei P9 Lite
2019-04-08,128.17,2,Huawei P9 Lite
2019-04-09,128.17,2,Huawei P9 Lite
2019-04-10,128.17,2,Huawei P9 Lite
2019-04-11,128.17,2,Huawei P9 Lite
2019-04-12,128.17,2,Huawei P9 Lite
2019-04-13,128.17,2,Huawei P9 Lite
2019-04-14,128.17,2,Huawei P9 Lite
2019-04-15,128.17,2,Huawei P9 Lite
2019-04-16,128.17,2,Huawei P9 Lite
2019-04-17,128.17,2,Huawei P9 Lite
2019-04-18,128.17,2,Huawei P9 Lite
2019-04-19,128.17,2,Huawei P9 Lite
2019-04-20,128.17,2,Huawei P9 Lite
2019-04-21,128.17,2,Huawei P9 Lite
2019-04-22,128.17,2,Huawei P9 Lite
2019-04-23,128.17,2,Huawei P9 Lite
2019-04-24,128.17,2,Huawei P9 Lite
2019-04-25,128.17,2,Huawei P9 Lite
2019-04-26,128.17,2,Huawei P9 Lite
2019-04-27,128.17,2,Huawei P9 Lite
2019-04-28,128.17,2,Huawei P9 Lite
2019-04-29,128.17,2,Huawei P9 Lite
2019-04-30,128.17,2,Huawei P9 Lite
2019-05-01,128.17,2,Huawei P9 Lite
2019-05-02,128.17,2,Huawei P9 Lite
2019-05-03,128.17,2,Huawei P9 Lite
2019-05-04,128.17,2,Huawei P9 Lite
2019-05-05,128.17,2,Huawei P9 Lite
2019-05-06,128.17,2,Huawei P9 Lite
2019-05-07,128.17,2,Huawei P9 Lite
2019-05-08,128.17,2,Huawei P9 Lite
2019-05-09,128.17,2,Huawei P9 Lite
2019-05-10,128.17,2,Huawei P9 Lite
2019-05-11,128.17,2,Huawei P9 Lite
2019-05-12,128.17,2,Huawei P9 Lite
2019-05-13,128.17,2,Huawei P9 Lite
2019-05-14,128.17,2,Huawei P9 Lite
2019-05-15,128.17,2,Huawei P9 Lite
2019-05-16,128.17,2,Huawei P9 Lite
2019-05-17,128.17,2,Huawei P9 Lite
2019-05-18,128.17,2,Huawei P9 Lite
2019-05-19,128.17,2,Huawei P9 Lite
2019-05-20,128.17,2,Huawei P9 Lite
2019-05-21,128.17,2,Huawei P9 Lite
2019-05-22,128.17,2,Huawei P9 Lite
2019-05-23,128.17,2,Huawei P9 Lite
2019-05-24,128.17,2,Huawei P9 Lite
2019-05-25,128.17,2,Huawei P9 Lite
2019-05-26,128.17,2,Huawei P9 Lite
2019-05-27,128.17,2,Huawei P9 Lite
2019-05-28,128.17,2,Huawei P9 Lite
2019-05-29,128.17,2,Huawei P9 Lite
2019-05-30,128.17,2,Huawei P9 Lite
2019-05-31,128.17,2,Huawei P9 Lite
2019-06-01,128.17,2,Huawei P9 Lite
2019-06-02,128.17,2,Huawei P9 Lite
2019-06-03,128.17,2,Huawei P9 Lite
2019-06-04,128.17,2,Huawei P9 Lite
2019-06-05,128.17,2,Huawei P9 Lite
2019-06-06,128.17,2,Huawei P9 Lite
2019-06-07,128.17,2,Huawei P9 Lite
2019-06-08,128.17,2,Huawei P9 Lite
2019-06-09,128.17,2,Huawei P9 Lite
2019-06-10,128.17,2,Huawei P9 Lite
2019-06-11,128.17,2,Huawei P9 Lite
2019-06-12,128.17,2,Huawei P9 Lite
2019-06-13,159,2,Huawei P9 Lite
2019-06-14,159,2,Huawei P9 Lite
2019-06-15,159,2,Huawei P9 Lite
2019-06-16,159,2,Huawei P9 Lite
2019-06-17,159,2,Huawei P9 Lite
2019-06-18,159,2,Huawei P9 Lite
2019-06-19,159,2,Huawei P9 Lite
2019-06-20,159,2,Huawei P9 Lite
2019-06-21,159,2,Huawei P9 Lite
2019-06-22,159,2,Huawei P9 Lite
2019-06-23,159,2,Huawei P9 Lite
2019-06-24,159,2,Huawei P9 Lite
2019-06-25,159,2,Huawei P9 Lite
2019-06-26,159,2,Huawei P9 Lite
2019-06-27,159,2,Huawei P9 Lite
2019-06-28,159,2,Huawei P9 Lite
2019-06-29,159,2,Huawei P9 Lite
2019-06-30,159,2,Huawei P9 Lite
2019-07-01,159,2,Huawei P9 Lite
2019-07-02,159,2,Huawei P9 Lite
2019-07-03,159,2,Huawei P9 Lite
2019-07-04,159,2,Huawei P9 Lite
2019-07-05,112.81,2,Huawei P9 Lite
2019-07-06,112.81,2,Huawei P9 Lite
2019-07-07,112.81,2,Huawei P9 Lite
2019-07-08,112.81,2,Huawei P9 Lite
2019-07-09,112.81,2,Huawei P9 Lite
2019-07-10,112.81,2,Huawei P9 Lite
2019-07-11,112.81,2,Huawei P9 Lite
2019-07-12,112.81,2,Huawei P9 Lite
2019-07-13,112.81,2,Huawei P9 Lite
2019-07-14,112.81,2,Huawei P9 Lite
2019-07-15,112.81,2,Huawei P9 Lite
2019-07-16,112.81,2,Huawei P9 Lite
2019-07-17,112.81,2,Huawei P9 Lite
2019-07-18,112.81,2,Huawei P9 Lite
2019-07-19,112.81,2,Huawei P9 Lite
2019-07-20,112.81,2,Huawei P9 Lite
2019-07-21,112.81,2,Huawei P9 Lite
2019-07-22,112.81,2,Huawei P9 Lite
2019-07-23,112.81,2,Huawei P9 Lite
2019-07-24,112.81,2,Huawei P9 Lite
2019-07-25,112.81,2,Huawei P9 Lite
2019-07-26,112.81,2,Huawei P9 Lite
2019-07-27,112.81,2,Huawei P9 Lite
2019-07-28,112.81,2,Huawei P9 Lite
2019-07-29,112.81,2,Huawei P9 Lite
2019-07-30,112.81,2,Huawei P9 Lite
2019-07-31,112.81,2,Huawei P9 Lite
2019-08-01,112.81,2,Huawei P9 Lite
2019-08-02,112.81,2,Huawei P9 Lite
2019-08-03,112.81,2,Huawei P9 Lite
2019-08-04,112.81,2,Huawei P9 Lite
2019-08-05,112.81,2,Huawei P9 Lite
2019-08-06,112.81,2,Huawei P9 Lite
2019-08-07,159,2,Huawei P9 Lite
2019-08-08,159,2,Huawei P9 Lite
2019-08-09,159,2,Huawei P9 Lite
2019-08-10,159,2,Huawei P9 Lite
2019-08-11,159,2,Huawei P9 Lite
2019-08-12,159,2,Huawei P9 Lite
2019-08-13,159,2,Huawei P9 Lite
2019-08-14,159,2,Huawei P9 Lite
2019-08-15,159,2,Huawei P9 Lite
2019-08-16,159,2,Huawei P9 Lite
2019-08-17,159,2,Huawei P9 Lite
2019-08-18,159,2,Huawei P9 Lite
2019-08-19,159,2,Huawei P9 Lite
2019-08-20,159,2,Huawei P9 Lite
2019-08-21,159,2,Huawei P9 Lite
2019-08-22,159,2,Huawei P9 Lite
2019-08-23,159,2,Huawei P9 Lite
2019-08-24,159,2,Huawei P9 Lite
2019-08-25,151.31,2,Huawei P9 Lite
2019-08-26,151.31,2,Huawei P9 Lite
2019-08-27,151.31,2,Huawei P9 Lite
2019-08-28,141.44,2,Huawei P9 Lite
2019-08-29,151.31,2,Huawei P9 Lite
2019-08-30,151.31,2,Huawei P9 Lite
2019-08-31,151.31,2,Huawei P9 Lite
2019-09-01,159,2,Huawei P9 Lite
2019-09-02,159,2,Huawei P9 Lite
2019-09-03,159,2,Huawei P9 Lite
2019-09-04,148.7,2,Huawei P9 Lite
2019-09-05,148.7,2,Huawei P9 Lite
2019-09-06,148.7,2,Huawei P9 Lite
2019-09-07,148.7,2,Huawei P9 Lite
2019-09-08,148.7,2,Huawei P9 Lite
2019-09-09,148.7,2,Huawei P9 Lite
2019-09-10,147.4,2,Huawei P9 Lite
2019-09-11,147.4,2,Huawei P9 Lite
2019-09-12,147.4,2,Huawei P9 Lite
2019-09-13,147.4,2,Huawei P9 Lite
2019-09-14,148.7,2,Huawei P9 Lite
2019-09-15,148.7,2,Huawei P9 Lite
2019-09-16,148.7,2,Huawei P9 Lite
2019-09-17,147.4,2,Huawei P9 Lite
2019-09-18,130.8,2,Huawei P9 Lite
2019-09-19,147.4,2,Huawei P9 Lite
2019-09-20,147.4,2,Huawei P9 Lite
2019-09-21,147.4,2,Huawei P9 Lite
2019-09-22,147.4,2,Huawei P9 Lite
2019-09-23,147.4,2,Huawei P9 Lite
2019-09-24,147.4,2,Huawei P9 Lite
2019-09-25,147.4,2,Huawei P9 Lite
2019-09-26,147.4,2,Huawei P9 Lite
2019-09-27,104.99,2,Huawei P9 Lite
2019-09-28,147.4,2,Huawei P9 Lite
2019-09-29,147.4,2,Huawei P9 Lite
2019-09-30,147.4,2,Huawei P9 Lite
2019-10-01,123.98,2,Huawei P9 Lite
2019-10-02,123.98,2,Huawei P9 Lite
2019-10-03,123.98,2,Huawei P9 Lite
2019-10-04,123.98,2,Huawei P9 Lite
2019-10-05,123.98,2,Huawei P9 Lite
2019-10-06,123.98,2,Huawei P9 Lite
2019-10-07,123.98,2,Huawei P9 Lite
2019-10-08,123.98,2,Huawei P9 Lite
2019-10-09,124.53,2,Huawei P9 Lite
2019-10-10,124.53,2,Huawei P9 Lite
2019-10-11,124.53,2,Huawei P9 Lite
2019-10-12,124.53,2,Huawei P9 Lite
2019-10-13,124.53,2,Huawei P9 Lite
2019-10-14,124.53,2,Huawei P9 Lite
2019-10-15,124.53,2,Huawei P9 Lite
2019-10-16,124.53,2,Huawei P9 Lite
2019-10-17,124.53,2,Huawei P9 Lite
2019-10-18,124.53,2,Huawei P9 Lite
2019-10-19,124.53,2,Huawei P9 Lite
2019-10-20,124.53,2,Huawei P9 Lite
2019-10-21,124.53,2,Huawei P9 Lite
2019-10-22,124.53,2,Huawei P9 Lite
2019-10-23,124.53,2,Huawei P9 Lite
2019-10-24,124.53,2,Huawei P9 Lite
2019-10-25,121.64,2,Huawei P9 Lite
2019-10-26,121.64,2,Huawei P9 Lite
2019-10-27,121.64,2,Huawei P9 Lite
2019-10-28,121.64,2,Huawei P9 Lite
2019-10-29,121.64,2,Huawei P9 Lite
2019-10-30,121.64,2,Huawei P9 Lite
2019-10-31,121.64,2,Huawei P9 Lite
2019-11-01,121.64,2,Huawei P9 Lite
2019-11-02,121.64,2,Huawei P9 Lite
2019-11-03,121.64,2,Huawei P9 Lite
2019-11-04,121.64,2,Huawei P9 Lite
